Name,Gender,Discipline,Event,Country,Medal_type
Remco EVENEPOEL,M,Cycling Road,Men's Individual Time Trial,Belgium,Gold Medal
Filippo GANNA,M,Cycling Road,Men's Individual Time Trial,Italy,Silver Medal
Wout van AERT,M,Cycling Road,Men's Individual Time Trial,Belgium,Bronze Medal
Grace BROWN,W,Cycling Road,Women's Individual Time Trial,Australia,Gold Medal
Anna HENDERSON,W,Cycling Road,Women's Individual Time Trial,Great Britain,Silver Medal
Chloe DYGERT,W,Cycling Road,Women's Individual Time Trial,United States,Bronze Medal
China,W,Diving,Women's Synchronised 3m Springboard,China,Gold Medal
United States,W,Diving,Women's Synchronised 3m Springboard,United States,Silver Medal
Great Britain,W,Diving,Women's Synchronised 3m Springboard,Great Britain,Bronze Medal
OH Sanguk,M,Fencing,Men's Sabre Individual,Korea,Gold Medal
Fares FERJANI,M,Fencing,Men's Sabre Individual,Tunisia,Silver Medal
Luigi SAMELE,M,Fencing,Men's Sabre Individual,Italy,Bronze Medal
KONG Man Wai Vivian,W,Fencing,Women's Épée Individual,"Hong Kong, China",Gold Medal
Auriane MALLO-BRETON,W,Fencing,Women's Épée Individual,France,Silver Medal
Eszter MUHARI,W,Fencing,Women's Épée Individual,Hungary,Bronze Medal
Yeldos SMETOV,M,Judo,Men -60 kg,Kazakhstan,Gold Medal
Luka MKHEIDZE,M,Judo,Men -60 kg,France,Silver Medal
NAGAYAMA Ryuju,M,Judo,Men -60 kg,Japan,Bronze Medal
Francisco GARRIGOS,M,Judo,Men -60 kg,Spain,Bronze Medal
TSUNODA Natsumi,W,Judo,Women -48 kg,Japan,Gold Medal
Baasankhuu BAVUUDORJ,W,Judo,Women -48 kg,Mongolia,Silver Medal
Shirine BOUKLI,W,Judo,Women -48 kg,France,Bronze Medal
Tara BABULFATH,W,Judo,Women -48 kg,Sweden,Bronze Medal
France,M,Rugby Sevens,Men,France,Gold Medal
Fiji,M,Rugby Sevens,Men,Fiji,Silver Medal
South Africa,M,Rugby Sevens,Men,South Africa,Bronze Medal
China 1,X,Shooting,10m Air Rifle Mixed Team,China,Gold Medal
Korea 1,X,Shooting,10m Air Rifle Mixed Team,Korea,Silver Medal
Kazakhstan 1,X,Shooting,10m Air Rifle Mixed Team,Kazakhstan,Bronze Medal
United States,M,Swimming,Men's 4 x 100m Freestyle Relay,United States,Gold Medal
Australia,M,Swimming,Men's 4 x 100m Freestyle Relay,Australia,Silver Medal
Italy,M,Swimming,Men's 4 x 100m Freestyle Relay,Italy,Bronze Medal
Lukas MAERTENS,M,Swimming,Men's 400m Freestyle,Germany,Gold Medal
Elijah WINNINGTON,M,Swimming,Men's 400m Freestyle,Australia,Silver Medal
KIM Woomin,M,Swimming,Men's 400m Freestyle,Korea,Bronze Medal
Australia,W,Swimming,Women's 4 x 100m Freestyle Relay,Australia,Gold Medal
United States,W,Swimming,Women's 4 x 100m Freestyle Relay,United States,Silver Medal
China,W,Swimming,Women's 4 x 100m Freestyle Relay,China,Bronze Medal
Ariarne TITMUS,W,Swimming,Women's 400m Freestyle,Australia,Gold Medal
Summer McINTOSH,W,Swimming,Women's 400m Freestyle,Canada,Silver Medal
Katie LEDECKY,W,Swimming,Women's 400m Freestyle,United States,Bronze Medal
Korea,W,Archery,Women's Team,Korea,Gold Medal
China,W,Archery,Women's Team,China,Silver Medal
Mexico,W,Archery,Women's Team,Mexico,Bronze Medal
Jessica FOX,W,Canoe Slalom,Women's Kayak Single,Australia,Gold Medal
Klaudia ZWOLINSKA,W,Canoe Slalom,Women's Kayak Single,Poland,Silver Medal
Kimberley WOODS,W,Canoe Slalom,Women's Kayak Single,Great Britain,Bronze Medal
Pauline FERRAND PREVOT,W,Cycling Mountain Bike,Women's Cross-country,France,Gold Medal
Haley BATTEN,W,Cycling Mountain Bike,Women's Cross-country,United States,Silver Medal
Jenny RISSVEDS,W,Cycling Mountain Bike,Women's Cross-country,Sweden,Bronze Medal
KANO Koki,M,Fencing,Men's Épée Individual,Japan,Gold Medal
Yannick BOREL,M,Fencing,Men's Épée Individual,France,Silver Medal
Mohamed ELSAYED,M,Fencing,Men's Épée Individual,Egypt,Bronze Medal
Lee KIEFER,W,Fencing,Women's Foil Individual,United States,Gold Medal
Lauren SCRUGGS,W,Fencing,Women's Foil Individual,United States,Silver Medal
Eleanor HARVEY,W,Fencing,Women's Foil Individual,Canada,Bronze Medal
ABE Hifumi,M,Judo,Men -66 kg,Japan,Gold Medal
Willian LIMA,M,Judo,Men -66 kg,Brazil,Silver Medal
Gusman KYRGYZBAYEV,M,Judo,Men -66 kg,Kazakhstan,Bronze Medal
Denis VIERU,M,Judo,Men -66 kg,Republic of Moldova,Bronze Medal
Diyora KELDIYOROVA,W,Judo,Women -52 kg,Uzbekistan,Gold Medal
Distria KRASNIQI,W,Judo,Women -52 kg,Kosovo,Silver Medal
Larissa PIMENTA,W,Judo,Women -52 kg,Brazil,Bronze Medal
Amandine BUCHARD,W,Judo,Women -52 kg,France,Bronze Medal
XIE Yu,M,Shooting,10m Air Pistol Men,China,Gold Medal
Federico Nilo MALDINI,M,Shooting,10m Air Pistol Men,Italy,Silver Medal
Paolo MONNA,M,Shooting,10m Air Pistol Men,Italy,Bronze Medal
OH Ye Jin,W,Shooting,10m Air Pistol Women,Korea,Gold Medal
KIM Yeji,W,Shooting,10m Air Pistol Women,Korea,Silver Medal
Manu BHAKER,W,Shooting,10m Air Pistol Women,India,Bronze Medal
YOSHIZAWA Coco,W,Skateboarding,Women's Street,Japan,Gold Medal
AKAMA Liz,W,Skateboarding,Women's Street,Japan,Silver Medal
Rayssa LEAL,W,Skateboarding,Women's Street,Brazil,Bronze Medal
Nicolo MARTINENGHI,M,Swimming,Men's 100m Breaststroke,Italy,Gold Medal
Adam PEATY,M,Swimming,Men's 100m Breaststroke,Great Britain,Silver Medal
Nic FINK,M,Swimming,Men's 100m Breaststroke,United States,Silver Medal
Leon MARCHAND,M,Swimming,Men's 400m Individual Medley,France,Gold Medal
MATSUSHITA Tomoyuki,M,Swimming,Men's 400m Individual Medley,Japan,Silver Medal
Carson FOSTER,M,Swimming,Men's 400m Individual Medley,United States,Bronze Medal
Torri HUSKE,W,Swimming,Women's 100m Butterfly,United States,Gold Medal
Gretchen WALSH,W,Swimming,Women's 100m Butterfly,United States,Silver Medal
ZHANG Yufei,W,Swimming,Women's 100m Butterfly,China,Bronze Medal
Korea,M,Archery,Men's Team,Korea,Gold Medal
France,M,Archery,Men's Team,France,Silver Medal
Türkiye,M,Archery,Men's Team,Türkiye,Bronze Medal
Japan,M,Artistic Gymnastics,Men's Team,Japan,Gold Medal
China,M,Artistic Gymnastics,Men's Team,China,Silver Medal
United States,M,Artistic Gymnastics,Men's Team,United States,Bronze Medal
Nicolas GESTIN,M,Canoe Slalom,Men's Canoe Single,France,Gold Medal
Adam BURGESS,M,Canoe Slalom,Men's Canoe Single,Great Britain,Silver Medal
Matej BENUS,M,Canoe Slalom,Men's Canoe Single,Slovakia,Bronze Medal
Thomas PIDCOCK,M,Cycling Mountain Bike,Men's Cross-country,Great Britain,Gold Medal
Victor KORETZKY,M,Cycling Mountain Bike,Men's Cross-country,France,Silver Medal
Alan HATHERLY,M,Cycling Mountain Bike,Men's Cross-country,South Africa,Bronze Medal
China,M,Diving,Men's Synchronised 10m Platform,China,Gold Medal
Great Britain,M,Diving,Men's Synchronised 10m Platform,Great Britain,Silver Medal
Canada,M,Diving,Men's Synchronised 10m Platform,Canada,Bronze Medal
Michael JUNG,O,Equestrian,Eventing Individual,Germany,Gold Medal
Christopher BURTON,O,Equestrian,Eventing Individual,Australia,Silver Medal
Laura COLLETT,O,Equestrian,Eventing Individual,Great Britain,Bronze Medal
Great Britain,O,Equestrian,Eventing Team,Great Britain,Gold Medal
France,O,Equestrian,Eventing Team,France,Silver Medal
Japan,O,Equestrian,Eventing Team,Japan,Bronze Medal
CHEUNG Ka Long,M,Fencing,Men's Foil Individual,"Hong Kong, China",Gold Medal
Filippo MACCHI,M,Fencing,Men's Foil Individual,Italy,Silver Medal
Nick ITKIN,M,Fencing,Men's Foil Individual,United States,Bronze Medal
Manon APITHY-BRUNET,W,Fencing,Women's Sabre Individual,France,Gold Medal
Sara BALZER,W,Fencing,Women's Sabre Individual,France,Silver Medal
Olga KHARLAN,W,Fencing,Women's Sabre Individual,Ukraine,Bronze Medal
Hidayat HEYDAROV,M,Judo,Men -73 kg,Azerbaijan,Gold Medal
Joan-Benjamin GABA,M,Judo,Men -73 kg,France,Silver Medal
Adil OSMANOV,M,Judo,Men -73 kg,Republic of Moldova,Bronze Medal
HASHIMOTO Soichi,M,Judo,Men -73 kg,Japan,Bronze Medal
Christa DEGUCHI,W,Judo,Women -57 kg,Canada,Gold Medal
HUH Mimi,W,Judo,Women -57 kg,Korea,Silver Medal
FUNAKUBO Haruka,W,Judo,Women -57 kg,Japan,Bronze Medal
Sarah Leonie CYSIQUE,W,Judo,Women -57 kg,France,Bronze Medal
SHENG Lihao,M,Shooting,10m Air Rifle Men,China,Gold Medal
Victor LINDGREN,M,Shooting,10m Air Rifle Men,Sweden,Silver Medal
Miran MARICIC,M,Shooting,10m Air Rifle Men,Croatia,Bronze Medal
BAN Hyojin,W,Shooting,10m Air Rifle Women,Korea,Gold Medal
HUANG Yuting,W,Shooting,10m Air Rifle Women,China,Silver Medal
Audrey GOGNIAT,W,Shooting,10m Air Rifle Women,Switzerland,Bronze Medal
HORIGOME Yuto,M,Skateboarding,Men's Street,Japan,Gold Medal
Jagger EATON,M,Skateboarding,Men's Street,United States,Silver Medal
Nyjah HUSTON,M,Skateboarding,Men's Street,United States,Bronze Medal
Thomas CECCON,M,Swimming,Men's 100m Backstroke,Italy,Gold Medal
XU Jiayu,M,Swimming,Men's 100m Backstroke,China,Silver Medal
Ryan MURPHY,M,Swimming,Men's 100m Backstroke,United States,Bronze Medal
David POPOVICI,M,Swimming,Men's 200m Freestyle,Romania,Gold Medal
Matthew RICHARDS,M,Swimming,Men's 200m Freestyle,Great Britain,Silver Medal
Luke HOBSON,M,Swimming,Men's 200m Freestyle,United States,Bronze Medal
Tatjana SMITH,W,Swimming,Women's 100m Breaststroke,South Africa,Gold Medal
TANG Qianting,W,Swimming,Women's 100m Breaststroke,China,Silver Medal
Mona Mc SHARRY,W,Swimming,Women's 100m Breaststroke,Ireland,Bronze Medal
Mollie O'CALLAGHAN,W,Swimming,Women's 200m Freestyle,Australia,Gold Medal
Ariarne TITMUS,W,Swimming,Women's 200m Freestyle,Australia,Silver Medal
HAUGHEY Siobhan Bernadette,W,Swimming,Women's 200m Freestyle,"Hong Kong, China",Bronze Medal
Summer McINTOSH,W,Swimming,Women's 400m Individual Medley,Canada,Gold Medal
Katie GRIMES,W,Swimming,Women's 400m Individual Medley,United States,Silver Medal
Emma WEYANT,W,Swimming,Women's 400m Individual Medley,United States,Bronze Medal
United States,W,Artistic Gymnastics,Women's Team,United States,Gold Medal
Italy,W,Artistic Gymnastics,Women's Team,Italy,Silver Medal
Brazil,W,Artistic Gymnastics,Women's Team,Brazil,Bronze Medal
Italy,W,Fencing,Women's Épée Team,Italy,Gold Medal
France,W,Fencing,Women's Épée Team,France,Silver Medal
Poland,W,Fencing,Women's Épée Team,Poland,Bronze Medal
NAGASE Takanori,M,Judo,Men -81 kg,Japan,Gold Medal
Tato GRIGALASHVILI,M,Judo,Men -81 kg,Georgia,Silver Medal
LEE Joonhwan,M,Judo,Men -81 kg,Korea,Bronze Medal
Somon MAKHMADBEKOV,M,Judo,Men -81 kg,Tajikistan,Bronze Medal
Andreja LESKI,W,Judo,Women -63 kg,Slovenia,Gold Medal
Prisca AWITI ALCARAZ,W,Judo,Women -63 kg,Mexico,Silver Medal
Clarisse AGBEGNENOU,W,Judo,Women -63 kg,France,Bronze Medal
Laura FAZLIU,W,Judo,Women -63 kg,Kosovo,Bronze Medal
New Zealand,W,Rugby Sevens,Women,New Zealand,Gold Medal
Canada,W,Rugby Sevens,Women,Canada,Silver Medal
United States,W,Rugby Sevens,Women,United States,Bronze Medal
Serbia,X,Shooting,10m Air Pistol Mixed Team,Serbia,Gold Medal
Türkiye 2,X,Shooting,10m Air Pistol Mixed Team,Türkiye,Silver Medal
India 1,X,Shooting,10m Air Pistol Mixed Team,India,Bronze Medal
Nathan HALES,M,Shooting,Trap Men,Great Britain,Gold Medal
QI Ying,M,Shooting,Trap Men,China,Silver Medal
Jean Pierre BROL CARDENAS,M,Shooting,Trap Men,Guatemala,Bronze Medal
Great Britain,M,Swimming,Men's 4 x 200m Freestyle Relay,Great Britain,Gold Medal
United States,M,Swimming,Men's 4 x 200m Freestyle Relay,United States,Silver Medal
Australia,M,Swimming,Men's 4 x 200m Freestyle Relay,Australia,Bronze Medal
Daniel WIFFEN,M,Swimming,Men's 800m Freestyle,Ireland,Gold Medal
Bobby FINKE,M,Swimming,Men's 800m Freestyle,United States,Silver Medal
Gregorio PALTRINIERI,M,Swimming,Men's 800m Freestyle,Italy,Bronze Medal
Kaylee McKEOWN,W,Swimming,Women's 100m Backstroke,Australia,Gold Medal
Regan SMITH,W,Swimming,Women's 100m Backstroke,United States,Silver Medal
Katharine BERKOFF,W,Swimming,Women's 100m Backstroke,United States,Bronze Medal
WANG/SUN,X,Table Tennis,Mixed Doubles,China,Gold Medal
RI/KIM,X,Table Tennis,Mixed Doubles,DPR Korea,Silver Medal
LIM/SHIN,X,Table Tennis,Mixed Doubles,Korea,Bronze Medal
OKA Shinnosuke,M,Artistic Gymnastics,Men's All-Around,Japan,Gold Medal
ZHANG Boheng,M,Artistic Gymnastics,Men's All-Around,China,Silver Medal
XIAO Ruoteng,M,Artistic Gymnastics,Men's All-Around,China,Bronze Medal
Jessica FOX,W,Canoe Slalom,Women's Canoe Single,Australia,Gold Medal
Elena LILIK,W,Canoe Slalom,Women's Canoe Single,Germany,Silver Medal
Evy LEIBFARTH,W,Canoe Slalom,Women's Canoe Single,United States,Bronze Medal
Jose TORRES GIL,M,Cycling BMX Freestyle,Men's Park,Argentina,Gold Medal
Kieran Darren David REILLY,M,Cycling BMX Freestyle,Men's Park,Great Britain,Silver Medal
Anthony JEANJEAN,M,Cycling BMX Freestyle,Men's Park,France,Bronze Medal
DENG Yawen,W,Cycling BMX Freestyle,Women's Park,China,Gold Medal
Perris BENEGAS,W,Cycling BMX Freestyle,Women's Park,United States,Silver Medal
Natalya DIEHM,W,Cycling BMX Freestyle,Women's Park,Australia,Bronze Medal
China,W,Diving,Women's Synchronised 10m Platform,China,Gold Medal
DPR Korea,W,Diving,Women's Synchronised 10m Platform,DPR Korea,Silver Medal
Great Britain,W,Diving,Women's Synchronised 10m Platform,Great Britain,Bronze Medal
Korea,M,Fencing,Men's Sabre Team,Korea,Gold Medal
Hungary,M,Fencing,Men's Sabre Team,Hungary,Silver Medal
France,M,Fencing,Men's Sabre Team,France,Bronze Medal
Lasha BEKAURI,M,Judo,Men -90 kg,Georgia,Gold Medal
MURAO Sanshiro,M,Judo,Men -90 kg,Japan,Silver Medal
Maxime-Gael NGAYAP HAMBOU,M,Judo,Men -90 kg,France,Bronze Medal
Theodoros TSELIDIS,M,Judo,Men -90 kg,Greece,Bronze Medal
Barbara MATIC,W,Judo,Women -70 kg,Croatia,Gold Medal
Miriam BUTKEREIT,W,Judo,Women -70 kg,Germany,Silver Medal
Michaela POLLERES,W,Judo,Women -70 kg,Austria,Bronze Medal
Gabriella WILLEMS,W,Judo,Women -70 kg,Belgium,Bronze Medal
Netherlands,M,Rowing,Men's Quadruple Sculls,Netherlands,Gold Medal
Italy,M,Rowing,Men's Quadruple Sculls,Italy,Silver Medal
Poland,M,Rowing,Men's Quadruple Sculls,Poland,Bronze Medal
Great Britain,W,Rowing,Women's Quadruple Sculls,Great Britain,Gold Medal
Netherlands,W,Rowing,Women's Quadruple Sculls,Netherlands,Silver Medal
Germany,W,Rowing,Women's Quadruple Sculls,Germany,Bronze Medal
Adriana RUANO OLIVA,W,Shooting,Trap Women,Guatemala,Gold Medal
Silvana Maria STANCO,W,Shooting,Trap Women,Italy,Silver Medal
Penny SMITH,W,Shooting,Trap Women,Australia,Bronze Medal
PAN Zhanle,M,Swimming,Men's 100m Freestyle,China,Gold Medal
Kyle CHALMERS,M,Swimming,Men's 100m Freestyle,Australia,Silver Medal
David POPOVICI,M,Swimming,Men's 100m Freestyle,Romania,Bronze Medal
Leon MARCHAND,M,Swimming,Men's 200m Breaststroke,France,Gold Medal
Zac STUBBLETY-COOK,M,Swimming,Men's 200m Breaststroke,Australia,Silver Medal
Caspar CORBEAU,M,Swimming,Men's 200m Breaststroke,Netherlands,Bronze Medal
Leon MARCHAND,M,Swimming,Men's 200m Butterfly,France,Gold Medal
Kristof MILAK,M,Swimming,Men's 200m Butterfly,Hungary,Silver Medal
Ilya KHARUN,M,Swimming,Men's 200m Butterfly,Canada,Bronze Medal
Sarah SJOESTROEM,W,Swimming,Women's 100m Freestyle,Sweden,Gold Medal
Torri HUSKE,W,Swimming,Women's 100m Freestyle,United States,Silver Medal
HAUGHEY Siobhan Bernadette,W,Swimming,Women's 100m Freestyle,"Hong Kong, China",Bronze Medal
Katie LEDECKY,W,Swimming,Women's 1500m Freestyle,United States,Gold Medal
Anastasiia KIRPICHNIKOVA,W,Swimming,Women's 1500m Freestyle,France,Silver Medal
Isabel GOSE,W,Swimming,Women's 1500m Freestyle,Germany,Bronze Medal
Alex YEE,M,Triathlon,Men's Individual,Great Britain,Gold Medal
Hayden WILDE,M,Triathlon,Men's Individual,New Zealand,Silver Medal
Leo BERGERE,M,Triathlon,Men's Individual,France,Bronze Medal
Cassandre BEAUGRAND,W,Triathlon,Women's Individual,France,Gold Medal
Julie DERRON,W,Triathlon,Women's Individual,Switzerland,Silver Medal
Beth POTTER,W,Triathlon,Women's Individual,Great Britain,Bronze Medal
Simone BILES,W,Artistic Gymnastics,Women's All-Around,United States,Gold Medal
Rebeca ANDRADE,W,Artistic Gymnastics,Women's All-Around,Brazil,Silver Medal
Sunisa LEE,W,Artistic Gymnastics,Women's All-Around,United States,Bronze Medal
Brian Daniel PINTADO,M,Athletics,Men's 20km Race Walk,Ecuador,Gold Medal
Caio BONFIM,M,Athletics,Men's 20km Race Walk,Brazil,Silver Medal
Alvaro MARTIN,M,Athletics,Men's 20km Race Walk,Spain,Bronze Medal
YANG Jiayu,W,Athletics,Women's 20km Race Walk,China,Gold Medal
Maria PEREZ,W,Athletics,Women's 20km Race Walk,Spain,Silver Medal
Jemima MONTAG,W,Athletics,Women's 20km Race Walk,Australia,Bronze Medal
Giovanni de GENNARO,M,Canoe Slalom,Men's Kayak Single,Italy,Gold Medal
Titouan CASTRYCK,M,Canoe Slalom,Men's Kayak Single,France,Silver Medal
Pau ECHANIZ,M,Canoe Slalom,Men's Kayak Single,Spain,Bronze Medal
United States,W,Fencing,Women's Foil Team,United States,Gold Medal
Italy,W,Fencing,Women's Foil Team,Italy,Silver Medal
Japan,W,Fencing,Women's Foil Team,Japan,Bronze Medal
Zelym KOTSOIEV,M,Judo,Men -100 kg,Azerbaijan,Gold Medal
Ilia SULAMANIDZE,M,Judo,Men -100 kg,Georgia,Silver Medal
Peter PALTCHIK,M,Judo,Men -100 kg,Israel,Bronze Medal
Muzaffarbek TUROBOYEV,M,Judo,Men -100 kg,Uzbekistan,Bronze Medal
Alice BELLANDI,W,Judo,Women -78 kg,Italy,Gold Medal
Inbar LANIR,W,Judo,Women -78 kg,Israel,Silver Medal
MA Zhenzhao,W,Judo,Women -78 kg,China,Bronze Medal
Patricia SAMPAIO,W,Judo,Women -78 kg,Portugal,Bronze Medal
Romania,M,Rowing,Men's Double Sculls,Romania,Gold Medal
Netherlands,M,Rowing,Men's Double Sculls,Netherlands,Silver Medal
Ireland,M,Rowing,Men's Double Sculls,Ireland,Bronze Medal
United States,M,Rowing,Men's Four,United States,Gold Medal
New Zealand,M,Rowing,Men's Four,New Zealand,Silver Medal
Great Britain,M,Rowing,Men's Four,Great Britain,Bronze Medal
New Zealand,W,Rowing,Women's Double Sculls,New Zealand,Gold Medal
Romania,W,Rowing,Women's Double Sculls,Romania,Silver Medal
Great Britain,W,Rowing,Women's Double Sculls,Great Britain,Bronze Medal
Netherlands,W,Rowing,Women's Four,Netherlands,Gold Medal
Great Britain,W,Rowing,Women's Four,Great Britain,Silver Medal
New Zealand,W,Rowing,Women's Four,New Zealand,Bronze Medal
LIU Yukun,M,Shooting,50m Rifle 3 Positions Men,China,Gold Medal
Serhiy KULISH,M,Shooting,50m Rifle 3 Positions Men,Ukraine,Silver Medal
Swapnil KUSALE,M,Shooting,50m Rifle 3 Positions Men,India,Bronze Medal
Hubert KOS,M,Swimming,Men's 200m Backstroke,Hungary,Gold Medal
Apostolos CHRISTOU,M,Swimming,Men's 200m Backstroke,Greece,Silver Medal
Roman MITYUKOV,M,Swimming,Men's 200m Backstroke,Switzerland,Bronze Medal
Kate DOUGLASS,W,Swimming,Women's 200m Breaststroke,United States,Gold Medal
Tatjana SMITH,W,Swimming,Women's 200m Breaststroke,South Africa,Silver Medal
Tes SCHOUTEN,W,Swimming,Women's 200m Breaststroke,Netherlands,Bronze Medal
Summer McINTOSH,W,Swimming,Women's 200m Butterfly,Canada,Gold Medal
Regan SMITH,W,Swimming,Women's 200m Butterfly,United States,Silver Medal
ZHANG Yufei,W,Swimming,Women's 200m Butterfly,China,Bronze Medal
Australia,W,Swimming,Women's 4 x 200m Freestyle Relay,Australia,Gold Medal
United States,W,Swimming,Women's 4 x 200m Freestyle Relay,United States,Silver Medal
China,W,Swimming,Women's 4 x 200m Freestyle Relay,China,Bronze Medal
Korea,X,Archery,Mixed Team,Korea,Gold Medal
Germany,X,Archery,Mixed Team,Germany,Silver Medal
United States,X,Archery,Mixed Team,United States,Bronze Medal
Joshua CHEPTEGEI,M,Athletics,"Men's 10,000m",Uganda,Gold Medal
Berihu AREGAWI,M,Athletics,"Men's 10,000m",Ethiopia,Silver Medal
Grant FISHER,M,Athletics,"Men's 10,000m",United States,Bronze Medal
ZHENG/HUANG,X,Badminton,Mixed Doubles,China,Gold Medal
KIM/JEONG,X,Badminton,Mixed Doubles,Korea,Silver Medal
WATANABE/HIGASHINO,X,Badminton,Mixed Doubles,Japan,Bronze Medal
Joris DAUDET,M,Cycling BMX Racing,Men,France,Gold Medal
Sylvain ANDRE,M,Cycling BMX Racing,Men,France,Silver Medal
Romain MAHIEU,M,Cycling BMX Racing,Men,France,Bronze Medal
Saya SAKAKIBARA,W,Cycling BMX Racing,Women,Australia,Gold Medal
Manon VEENSTRA,W,Cycling BMX Racing,Women,Netherlands,Silver Medal
Zoe CLAESSENS,W,Cycling BMX Racing,Women,Switzerland,Bronze Medal
China,M,Diving,Men's Synchronised 3m Springboard,China,Gold Medal
Mexico,M,Diving,Men's Synchronised 3m Springboard,Mexico,Silver Medal
Great Britain,M,Diving,Men's Synchronised 3m Springboard,Great Britain,Bronze Medal
Great Britain,O,Equestrian,Jumping Team,Great Britain,Gold Medal
United States,O,Equestrian,Jumping Team,United States,Silver Medal
France,O,Equestrian,Jumping Team,France,Bronze Medal
Hungary,M,Fencing,Men's Épée Team,Hungary,Gold Medal
Japan,M,Fencing,Men's Épée Team,Japan,Silver Medal
Czechia,M,Fencing,Men's Épée Team,Czechia,Bronze Medal
Teddy RINER,M,Judo,Men +100 kg,France,Gold Medal
KIM Minjong,M,Judo,Men +100 kg,Korea,Silver Medal
Temur RAKHIMOV,M,Judo,Men +100 kg,Tajikistan,Bronze Medal
Alisher YUSUPOV,M,Judo,Men +100 kg,Uzbekistan,Bronze Medal
Beatriz SOUZA,W,Judo,Women +78 kg,Brazil,Gold Medal
Raz HERSHKO,W,Judo,Women +78 kg,Israel,Silver Medal
KIM Hayun,W,Judo,Women +78 kg,Korea,Bronze Medal
Romane DICKO,W,Judo,Women +78 kg,France,Bronze Medal
Ireland,M,Rowing,Lightweight Men's Double Sculls,Ireland,Gold Medal
Italy,M,Rowing,Lightweight Men's Double Sculls,Italy,Silver Medal
Greece,M,Rowing,Lightweight Men's Double Sculls,Greece,Bronze Medal
Great Britain,W,Rowing,Lightweight Women's Double Sculls,Great Britain,Gold Medal
Romania,W,Rowing,Lightweight Women's Double Sculls,Romania,Silver Medal
Greece,W,Rowing,Lightweight Women's Double Sculls,Greece,Bronze Medal
Croatia,M,Rowing,Men's Pair,Croatia,Gold Medal
Great Britain,M,Rowing,Men's Pair,Great Britain,Silver Medal
Switzerland,M,Rowing,Men's Pair,Switzerland,Bronze Medal
Netherlands,W,Rowing,Women's Pair,Netherlands,Gold Medal
Romania,W,Rowing,Women's Pair,Romania,Silver Medal
Australia,W,Rowing,Women's Pair,Australia,Bronze Medal
BOTIN/TRITTEL,M,Sailing,Men's Skiff,Spain,Gold Medal
McHARDIE/McKENZIE,M,Sailing,Men's Skiff,New Zealand,Silver Medal
BARROWS/HENKEN,M,Sailing,Men's Skiff,United States,Bronze Medal
AANHOLT/DUETZ,W,Sailing,Women's Skiff,Netherlands,Gold Medal
BOBECK/NETZLER,W,Sailing,Women's Skiff,Sweden,Silver Medal
STEYAERT/PICON,W,Sailing,Women's Skiff,France,Bronze Medal
Chiara LEONE,W,Shooting,50m Rifle 3 Positions Women,Switzerland,Gold Medal
Sagen MADDALENA,W,Shooting,50m Rifle 3 Positions Women,United States,Silver Medal
ZHANG Qiongyue,W,Shooting,50m Rifle 3 Positions Women,China,Bronze Medal
Leon MARCHAND,M,Swimming,Men's 200m Individual Medley,France,Gold Medal
Duncan SCOTT,M,Swimming,Men's 200m Individual Medley,Great Britain,Silver Medal
WANG Shun,M,Swimming,Men's 200m Individual Medley,China,Bronze Medal
Cameron McEVOY,M,Swimming,Men's 50m Freestyle,Australia,Gold Medal
Benjamin PROUD,M,Swimming,Men's 50m Freestyle,Great Britain,Silver Medal
Florent MANAUDOU,M,Swimming,Men's 50m Freestyle,France,Bronze Medal
Kaylee McKEOWN,W,Swimming,Women's 200m Backstroke,Australia,Gold Medal
Regan SMITH,W,Swimming,Women's 200m Backstroke,United States,Silver Medal
Kylie MASSE,W,Swimming,Women's 200m Backstroke,Canada,Bronze Medal
SINIAKOVA/MACHAC,X,Tennis,Mixed Doubles,Czechia,Gold Medal
WANG/ZHANG,X,Tennis,Mixed Doubles,China,Silver Medal
DABROWSKI/AUGER-ALIAS,X,Tennis,Mixed Doubles,Canada,Bronze Medal
Iga SWIATEK,W,Tennis,Women's Singles,Poland,Bronze Medal
Ivan LITVINOVICH,M,Trampoline Gymnastics,Men,AIN,Gold Medal
WANG Zisai,M,Trampoline Gymnastics,Men,China,Silver Medal
YAN Langyu,M,Trampoline Gymnastics,Men,China,Bronze Medal
Bryony PAGE,W,Trampoline Gymnastics,Women,Great Britain,Gold Medal
Viyaleta BARDZILOUSKAYA,W,Trampoline Gymnastics,Women,AIN,Silver Medal
Sophiane METHOT,W,Trampoline Gymnastics,Women,Canada,Bronze Medal
LIM Sihyeon,W,Archery,Women's Individual,Korea,Gold Medal
NAM Suhyeon,W,Archery,Women's Individual,Korea,Silver Medal
Lisa BARBELIN,W,Archery,Women's Individual,France,Bronze Medal
Carlos Edriel YULO,M,Artistic Gymnastics,Men's Floor Exercise,Philippines,Gold Medal
Artem DOLGOPYAT,M,Artistic Gymnastics,Men's Floor Exercise,Israel,Silver Medal
Jake JARMAN,M,Artistic Gymnastics,Men's Floor Exercise,Great Britain,Bronze Medal
Rhys MC CLENAGHAN,M,Artistic Gymnastics,Men's Pommel Horse,Ireland,Gold Medal
Nariman KURBANOV,M,Artistic Gymnastics,Men's Pommel Horse,Kazakhstan,Silver Medal
Stephen NEDOROSCIK,M,Artistic Gymnastics,Men's Pommel Horse,United States,Bronze Medal
Simone BILES,W,Artistic Gymnastics,Women's Vault,United States,Gold Medal
Rebeca ANDRADE,W,Artistic Gymnastics,Women's Vault,Brazil,Silver Medal
Jade CAREY,W,Artistic Gymnastics,Women's Vault,United States,Bronze Medal
Netherlands,X,Athletics,4 x 400m Relay Mixed,Netherlands,Gold Medal
United States,X,Athletics,4 x 400m Relay Mixed,United States,Silver Medal
Great Britain,X,Athletics,4 x 400m Relay Mixed,Great Britain,Bronze Medal
Markus ROOTH,M,Athletics,Men's Decathlon,Norway,Gold Medal
Leo NEUGEBAUER,M,Athletics,Men's Decathlon,Germany,Silver Medal
Lindon VICTOR,M,Athletics,Men's Decathlon,Grenada,Bronze Medal
Ryan CROUSER,M,Athletics,Men's Shot Put,United States,Gold Medal
Joe KOVACS,M,Athletics,Men's Shot Put,United States,Silver Medal
Rajindra CAMPBELL,M,Athletics,Men's Shot Put,Jamaica,Bronze Medal
Julien ALFRED,W,Athletics,Women's 100m,Saint Lucia,Gold Medal
Sha'carri RICHARDSON,W,Athletics,Women's 100m,United States,Silver Medal
Melissa JEFFERSON,W,Athletics,Women's 100m,United States,Bronze Medal
Thea LAFOND,W,Athletics,Women's Triple Jump,Dominica,Gold Medal
Shanieka RICKETTS,W,Athletics,Women's Triple Jump,Jamaica,Silver Medal
Jasmine MOORE,W,Athletics,Women's Triple Jump,United States,Bronze Medal
CHEN/JIA,W,Badminton,Women's Doubles,China,Gold Medal
LIU/TAN,W,Badminton,Women's Doubles,China,Silver Medal
MATSUYAMA/SHIDA,W,Badminton,Women's Doubles,Japan,Bronze Medal
WU Shih Yi,W,Boxing,Women's 60kg,Chinese Taipei,Bronze Medal
Beatriz Iasmin SOARES FERREIRA,W,Boxing,Women's 60kg,Brazil,Bronze Medal
Remco EVENEPOEL,M,Cycling Road,Men's Road Race,Belgium,Gold Medal
Valentin MADOUAS,M,Cycling Road,Men's Road Race,France,Silver Medal
Christophe LAPORTE,M,Cycling Road,Men's Road Race,France,Bronze Medal
Germany,O,Equestrian,Dressage Team,Germany,Gold Medal
Denmark,O,Equestrian,Dressage Team,Denmark,Silver Medal
Great Britain,O,Equestrian,Dressage Team,Great Britain,Bronze Medal
Ukraine,W,Fencing,Women's Sabre Team,Ukraine,Gold Medal
Korea,W,Fencing,Women's Sabre Team,Korea,Silver Medal
Japan,W,Fencing,Women's Sabre Team,Japan,Bronze Medal
France,X,Judo,Mixed Team,France,Gold Medal
Japan,X,Judo,Mixed Team,Japan,Silver Medal
Brazil,X,Judo,Mixed Team,Brazil,Bronze Medal
Korea,X,Judo,Mixed Team,Korea,Bronze Medal
Great Britain,M,Rowing,Men's Eight,Great Britain,Gold Medal
Netherlands,M,Rowing,Men's Eight,Netherlands,Silver Medal
United States,M,Rowing,Men's Eight,United States,Bronze Medal
Oliver ZEIDLER,M,Rowing,Men's Single Sculls,Germany,Gold Medal
Yauheni ZALATY,M,Rowing,Men's Single Sculls,AIN,Silver Medal
Simon van DORP,M,Rowing,Men's Single Sculls,Netherlands,Bronze Medal
Romania,W,Rowing,Women's Eight,Romania,Gold Medal
Canada,W,Rowing,Women's Eight,Canada,Silver Medal
Great Britain,W,Rowing,Women's Eight,Great Britain,Bronze Medal
Karolien FLORIJN,W,Rowing,Women's Single Sculls,Netherlands,Gold Medal
Emma TWIGG,W,Rowing,Women's Single Sculls,New Zealand,Silver Medal
Viktorija SENKUTE,W,Rowing,Women's Single Sculls,Lithuania,Bronze Medal
Tom REUVENY,M,Sailing,Men's Windsurfing,Israel,Gold Medal
Grae MORRIS,M,Sailing,Men's Windsurfing,Australia,Silver Medal
Luuc van OPZEELAND,M,Sailing,Men's Windsurfing,Netherlands,Bronze Medal
Marta MAGGETTI,W,Sailing,Women's Windsurfing,Italy,Gold Medal
Sharon KANTOR,W,Sailing,Women's Windsurfing,Israel,Silver Medal
Emma WILSON,W,Sailing,Women's Windsurfing,Great Britain,Bronze Medal
YANG Jiin,W,Shooting,25m Pistol Women,Korea,Gold Medal
Camille JEDRZEJEWSKI,W,Shooting,25m Pistol Women,France,Silver Medal
Veronika MAJOR,W,Shooting,25m Pistol Women,Hungary,Bronze Medal
Vincent HANCOCK,M,Shooting,Skeet Men,United States,Gold Medal
Conner Lynn PRINCE,M,Shooting,Skeet Men,United States,Silver Medal
LEE Meng Yuan,M,Shooting,Skeet Men,Chinese Taipei,Bronze Medal
Kristof MILAK,M,Swimming,Men's 100m Butterfly,Hungary,Gold Medal
Josh LIENDO,M,Swimming,Men's 100m Butterfly,Canada,Silver Medal
Ilya KHARUN,M,Swimming,Men's 100m Butterfly,Canada,Bronze Medal
United States,X,Swimming,Mixed 4 x 100m Medley Relay,United States,Gold Medal
China,X,Swimming,Mixed 4 x 100m Medley Relay,China,Silver Medal
Australia,X,Swimming,Mixed 4 x 100m Medley Relay,Australia,Bronze Medal
Summer McINTOSH,W,Swimming,Women's 200m Individual Medley,Canada,Gold Medal
Kate DOUGLASS,W,Swimming,Women's 200m Individual Medley,United States,Silver Medal
Kaylee McKEOWN,W,Swimming,Women's 200m Individual Medley,Australia,Bronze Medal
Katie LEDECKY,W,Swimming,Women's 800m Freestyle,United States,Gold Medal
Ariarne TITMUS,W,Swimming,Women's 800m Freestyle,Australia,Silver Medal
Paige MADDEN,W,Swimming,Women's 800m Freestyle,United States,Bronze Medal
CHEN Meng,W,Table Tennis,Women's Singles,China,Gold Medal
SUN Yingsha,W,Table Tennis,Women's Singles,China,Silver Medal
Hina HAYATA,W,Table Tennis,Women's Singles,Japan,Bronze Medal
EBDEN/PEERS,M,Tennis,Men's Doubles,Australia,Gold Medal
KRAJICEK/RAM,M,Tennis,Men's Doubles,United States,Silver Medal
FRITZ/PAUL,M,Tennis,Men's Doubles,United States,Bronze Medal
Lorenzo MUSETTI,M,Tennis,Men's Singles,Italy,Bronze Medal
ZHENG Qinwen,W,Tennis,Women's Singles,China,Gold Medal
Donna VEKIC,W,Tennis,Women's Singles,Croatia,Silver Medal
KIM Woojin,M,Archery,Men's Individual,Korea,Gold Medal
Brady ELLISON,M,Archery,Men's Individual,United States,Silver Medal
LEE Wooseok,M,Archery,Men's Individual,Korea,Bronze Medal
LIU Yang,M,Artistic Gymnastics,Men's Rings,China,Gold Medal
ZOU Jingyuan,M,Artistic Gymnastics,Men's Rings,China,Silver Medal
Eleftherios PETROUNIAS,M,Artistic Gymnastics,Men's Rings,Greece,Bronze Medal
Carlos Edriel YULO,M,Artistic Gymnastics,Men's Vault,Philippines,Gold Medal
Artur DAVTYAN,M,Artistic Gymnastics,Men's Vault,Armenia,Silver Medal
Harry HEPWORTH,M,Artistic Gymnastics,Men's Vault,Great Britain,Bronze Medal
Kaylia NEMOUR,W,Artistic Gymnastics,Women's Uneven Bars,Algeria,Gold Medal
QIU Qiyuan,W,Artistic Gymnastics,Women's Uneven Bars,China,Silver Medal
Sunisa LEE,W,Artistic Gymnastics,Women's Uneven Bars,United States,Bronze Medal
Noah LYLES,M,Athletics,Men's 100m,United States,Gold Medal
Kishane THOMPSON,M,Athletics,Men's 100m,Jamaica,Silver Medal
Fred KERLEY,M,Athletics,Men's 100m,United States,Bronze Medal
Ethan KATZBERG,M,Athletics,Men's Hammer Throw,Canada,Gold Medal
Bence HALASZ,M,Athletics,Men's Hammer Throw,Hungary,Silver Medal
Mykhaylo KOKHAN,M,Athletics,Men's Hammer Throw,Ukraine,Bronze Medal
Yaroslava MAHUCHIKH,W,Athletics,Women's High Jump,Ukraine,Gold Medal
Nicola OLYSLAGERS,W,Athletics,Women's High Jump,Australia,Silver Medal
Iryna GERASHCHENKO,W,Athletics,Women's High Jump,Ukraine,Bronze Medal
Eleanor PATTERSON,W,Athletics,Women's High Jump,Australia,Bronze Medal
LEE/WANG,M,Badminton,Men's Doubles,Chinese Taipei,Gold Medal
LIANG/WANG,M,Badminton,Men's Doubles,China,Silver Medal
CHIA/SOH,M,Badminton,Men's Doubles,Malaysia,Bronze Medal
Gregoria Mariska TUNJUNG,W,Badminton,Women's Singles,Indonesia,Bronze Medal
Yunior ALCANTARA REYES,M,Boxing,Men's 51kg,Dominican Republic,Bronze Medal
David de PINA,M,Boxing,Men's 51kg,Cabo Verde,Bronze Medal
Wyatt SANFORD,M,Boxing,Men's 63.5kg,Canada,Bronze Medal
Lasha GURULI,M,Boxing,Men's 63.5kg,Georgia,Bronze Medal
Cristian Javier PINALES,M,Boxing,Men's 80kg,Dominican Republic,Bronze Medal
Arlen LOPEZ CARDONA,M,Boxing,Men's 80kg,Cuba,Bronze Medal
Enmanuel REYES PLA,M,Boxing,Men's 92kg,Spain,Bronze Medal
Davlat BOLTAEV,M,Boxing,Men's 92kg,Tajikistan,Bronze Medal
PANG Cholmi,W,Boxing,Women's 54kg,DPR Korea,Bronze Medal
IM Aeji,W,Boxing,Women's 54kg,Korea,Bronze Medal
Kristen FAULKNER,W,Cycling Road,Women's Road Race,United States,Gold Medal
Marianne VOS,W,Cycling Road,Women's Road Race,Netherlands,Silver Medal
Lotte KOPECKY,W,Cycling Road,Women's Road Race,Belgium,Bronze Medal
Jessica von BREDOW-WERNDL,O,Equestrian,Dressage Individual,Germany,Gold Medal
Isabell WERTH,O,Equestrian,Dressage Individual,Germany,Silver Medal
Charlotte FRY,O,Equestrian,Dressage Individual,Great Britain,Bronze Medal
Japan,M,Fencing,Men's Foil Team,Japan,Gold Medal
Italy,M,Fencing,Men's Foil Team,Italy,Silver Medal
France,M,Fencing,Men's Foil Team,France,Bronze Medal
Scottie SCHEFFLER,M,Golf,Men's Individual Stroke Play,United States,Gold Medal
Tommy FLEETWOOD,M,Golf,Men's Individual Stroke Play,Great Britain,Silver Medal
MATSUYAMA Hideki,M,Golf,Men's Individual Stroke Play,Japan,Bronze Medal
Francisca CROVETTO CHADID,W,Shooting,Skeet Women,Chile,Gold Medal
Amber Jo RUTTER,W,Shooting,Skeet Women,Great Britain,Silver Medal
Austen Jewell SMITH,W,Shooting,Skeet Women,United States,Bronze Medal
Bobby FINKE,M,Swimming,Men's 1500m Freestyle,United States,Gold Medal
Gregorio PALTRINIERI,M,Swimming,Men's 1500m Freestyle,Italy,Silver Medal
Daniel WIFFEN,M,Swimming,Men's 1500m Freestyle,Ireland,Bronze Medal
China,M,Swimming,Men's 4 x 100m Medley Relay,China,Gold Medal
United States,M,Swimming,Men's 4 x 100m Medley Relay,United States,Silver Medal
France,M,Swimming,Men's 4 x 100m Medley Relay,France,Bronze Medal
United States,W,Swimming,Women's 4 x 100m Medley Relay,United States,Gold Medal
Australia,W,Swimming,Women's 4 x 100m Medley Relay,Australia,Silver Medal
China,W,Swimming,Women's 4 x 100m Medley Relay,China,Bronze Medal
Sarah SJOESTROEM,W,Swimming,Women's 50m Freestyle,Sweden,Gold Medal
Meg HARRIS,W,Swimming,Women's 50m Freestyle,Australia,Silver Medal
ZHANG Yufei,W,Swimming,Women's 50m Freestyle,China,Bronze Medal
FAN Zhendong,M,Table Tennis,Men's Singles,China,Gold Medal
Truls MOREGARD,M,Table Tennis,Men's Singles,Sweden,Silver Medal
Felix LEBRUN,M,Table Tennis,Men's Singles,France,Bronze Medal
Novak DJOKOVIC,M,Tennis,Men's Singles,Serbia,Gold Medal
Carlos ALCARAZ,M,Tennis,Men's Singles,Spain,Silver Medal
ERRANI/PAOLINI,W,Tennis,Women's Doubles,Italy,Gold Medal
ANDREEVA/SHNAIDER,W,Tennis,Women's Doubles,AIN,Silver Medal
BUCSA/SORRIBES TORMO,W,Tennis,Women's Doubles,Spain,Bronze Medal
Netherlands,M,3x3 Basketball,Men,Netherlands,Gold Medal
France,M,3x3 Basketball,Men,France,Silver Medal
Lithuania,M,3x3 Basketball,Men,Lithuania,Bronze Medal
Germany,W,3x3 Basketball,Women,Germany,Gold Medal
Spain,W,3x3 Basketball,Women,Spain,Silver Medal
United States,W,3x3 Basketball,Women,United States,Bronze Medal
OKA Shinnosuke,M,Artistic Gymnastics,Men's Horizontal Bar,Japan,Gold Medal
Angel BARAJAS,M,Artistic Gymnastics,Men's Horizontal Bar,Colombia,Silver Medal
ZHANG Boheng,M,Artistic Gymnastics,Men's Horizontal Bar,China,Bronze Medal
TANG Chia-Hung,M,Artistic Gymnastics,Men's Horizontal Bar,Chinese Taipei,Bronze Medal
ZOU Jingyuan,M,Artistic Gymnastics,Men's Parallel Bars,China,Gold Medal
Illia KOVTUN,M,Artistic Gymnastics,Men's Parallel Bars,Ukraine,Silver Medal
OKA Shinnosuke,M,Artistic Gymnastics,Men's Parallel Bars,Japan,Bronze Medal
Alice D'AMATO,W,Artistic Gymnastics,Women's Balance Beam,Italy,Gold Medal
ZHOU Yaqin,W,Artistic Gymnastics,Women's Balance Beam,China,Silver Medal
Manila ESPOSITO,W,Artistic Gymnastics,Women's Balance Beam,Italy,Bronze Medal
Rebeca ANDRADE,W,Artistic Gymnastics,Women's Floor Exercise,Brazil,Gold Medal
Simone BILES,W,Artistic Gymnastics,Women's Floor Exercise,United States,Silver Medal
Ana BARBOSU,W,Artistic Gymnastics,Women's Floor Exercise,Romania,Bronze Medal
Armand DUPLANTIS,M,Athletics,Men's Pole Vault,Sweden,Gold Medal
Sam KENDRICKS,M,Athletics,Men's Pole Vault,United States,Silver Medal
Emmanouil KARALIS,M,Athletics,Men's Pole Vault,Greece,Bronze Medal
Beatrice CHEBET,W,Athletics,Women's 5000m,Kenya,Gold Medal
Faith KIPYEGON,W,Athletics,Women's 5000m,Kenya,Silver Medal
Sifan HASSAN,W,Athletics,Women's 5000m,Netherlands,Bronze Medal
Keely HODGKINSON,W,Athletics,Women's 800m,Great Britain,Gold Medal
Tsige DUGUMA,W,Athletics,Women's 800m,Ethiopia,Silver Medal
Mary MORAA,W,Athletics,Women's 800m,Kenya,Bronze Medal
Valarie ALLMAN,W,Athletics,Women's Discus Throw,United States,Gold Medal
FENG Bin,W,Athletics,Women's Discus Throw,China,Silver Medal
Sandra ELKASEVIC,W,Athletics,Women's Discus Throw,Croatia,Bronze Medal
Viktor AXELSEN,M,Badminton,Men's Singles,Denmark,Gold Medal
Kunlavut VITIDSARN,M,Badminton,Men's Singles,Thailand,Silver Medal
Zii Jia LEE,M,Badminton,Men's Singles,Malaysia,Bronze Medal
AN Se Young,W,Badminton,Women's Singles,Korea,Gold Medal
HE Bing Jiao,W,Badminton,Women's Singles,China,Silver Medal
Finn BUTCHER,M,Canoe Slalom,Men's Kayak Cross,New Zealand,Gold Medal
Joseph CLARKE,M,Canoe Slalom,Men's Kayak Cross,Great Britain,Silver Medal
Noah HEGGE,M,Canoe Slalom,Men's Kayak Cross,Germany,Bronze Medal
Noemie FOX,W,Canoe Slalom,Women's Kayak Cross,Australia,Gold Medal
Angele HUG,W,Canoe Slalom,Women's Kayak Cross,France,Silver Medal
Kimberley WOODS,W,Canoe Slalom,Women's Kayak Cross,Great Britain,Bronze Medal
Great Britain,W,Cycling Track,Women's Team Sprint,Great Britain,Gold Medal
New Zealand,W,Cycling Track,Women's Team Sprint,New Zealand,Silver Medal
Germany,W,Cycling Track,Women's Team Sprint,Germany,Bronze Medal
LI Yuehong,M,Shooting,25m Rapid Fire Pistol Men,China,Gold Medal
CHO Yeongjae,M,Shooting,25m Rapid Fire Pistol Men,Korea,Silver Medal
WANG Xinjie,M,Shooting,25m Rapid Fire Pistol Men,China,Bronze Medal
Italy 1,X,Shooting,Skeet Mixed Team,Italy,Gold Medal
United States 1,X,Shooting,Skeet Mixed Team,United States,Silver Medal
China,X,Shooting,Skeet Mixed Team,China,Bronze Medal
Kauli VAAST,M,Surfing,Men,France,Gold Medal
Jack ROBINSON,M,Surfing,Men,Australia,Silver Medal
Gabriel MEDINA,M,Surfing,Men,Brazil,Bronze Medal
Caroline MARKS,W,Surfing,Women,United States,Gold Medal
Tatiana WESTON-WEBB,W,Surfing,Women,Brazil,Silver Medal
Johanne DEFAY,W,Surfing,Women,France,Bronze Medal
Germany,X,Triathlon,Mixed Relay,Germany,Gold Medal
United States,X,Triathlon,Mixed Relay,United States,Silver Medal
Great Britain,X,Triathlon,Mixed Relay,Great Britain,Bronze Medal
Cole HOCKER,M,Athletics,Men's 1500m,United States,Gold Medal
Josh KERR,M,Athletics,Men's 1500m,Great Britain,Silver Medal
Yared NUGUSE,M,Athletics,Men's 1500m,United States,Bronze Medal
Miltiadis TENTOGLOU,M,Athletics,Men's Long Jump,Greece,Gold Medal
Wayne PINNOCK,M,Athletics,Men's Long Jump,Jamaica,Silver Medal
Mattia FURLANI,M,Athletics,Men's Long Jump,Italy,Bronze Medal
Gabrielle THOMAS,W,Athletics,Women's 200m,United States,Gold Medal
Julien ALFRED,W,Athletics,Women's 200m,Saint Lucia,Silver Medal
Brittany BROWN,W,Athletics,Women's 200m,United States,Bronze Medal
Winfred YAVI,W,Athletics,Women's 3000m Steeplechase,Bahrain,Gold Medal
Peruth CHEMUTAI,W,Athletics,Women's 3000m Steeplechase,Uganda,Silver Medal
Faith CHEROTICH,W,Athletics,Women's 3000m Steeplechase,Kenya,Bronze Medal
Camryn ROGERS,W,Athletics,Women's Hammer Throw,Canada,Gold Medal
Annette Nneka ECHIKUNWOKE,W,Athletics,Women's Hammer Throw,United States,Silver Medal
ZHAO Jie,W,Athletics,Women's Hammer Throw,China,Bronze Medal
Omari JONES,M,Boxing,Men's 71kg,United States,Bronze Medal
Lewis RICHARDSON,M,Boxing,Men's 71kg,Great Britain,Bronze Medal
Nazym KYZAIBAY,W,Boxing,Women's 50kg,Kazakhstan,Bronze Medal
Aira VILLEGAS,W,Boxing,Women's 50kg,Philippines,Bronze Medal
Kellie HARRINGTON,W,Boxing,Women's 60kg,Ireland,Gold Medal
YANG Wenlu,W,Boxing,Women's 60kg,China,Silver Medal
Janjaem SUWANNAPHENG,W,Boxing,Women's 66kg,Thailand,Bronze Medal
CHEN Nien Chin,W,Boxing,Women's 66kg,Chinese Taipei,Bronze Medal
Netherlands,M,Cycling Track,Men's Team Sprint,Netherlands,Gold Medal
Great Britain,M,Cycling Track,Men's Team Sprint,Great Britain,Silver Medal
Australia,M,Cycling Track,Men's Team Sprint,Australia,Bronze Medal
QUAN Hongchan,W,Diving,Women's 10m Platform,China,Gold Medal
CHEN Yuxi,W,Diving,Women's 10m Platform,China,Silver Medal
KIM Mi Rae,W,Diving,Women's 10m Platform,DPR Korea,Bronze Medal
Christian KUKUK,O,Equestrian,Jumping Individual,Germany,Gold Medal
Steve GUERDAT,O,Equestrian,Jumping Individual,Switzerland,Silver Medal
Maikel van der VLEUTEN,O,Equestrian,Jumping Individual,Netherlands,Bronze Medal
Arisa TREW,W,Skateboarding,Women's Park,Australia,Gold Medal
HIRAKI Cocona,W,Skateboarding,Women's Park,Japan,Silver Medal
Sky BROWN,W,Skateboarding,Women's Park,Great Britain,Bronze Medal
Mijain LOPEZ NUNEZ,M,Wrestling,Men's Greco-Roman 130kg,Cuba,Gold Medal
Yasmani ACOSTA FERNANDEZ,M,Wrestling,Men's Greco-Roman 130kg,Chile,Silver Medal
Amin MIRZAZADEH,M,Wrestling,Men's Greco-Roman 130kg,IR Iran,Bronze Medal
MENG Lingzhe,M,Wrestling,Men's Greco-Roman 130kg,China,Bronze Medal
FUMITA Kenichiro,M,Wrestling,Men's Greco-Roman 60kg,Japan,Gold Medal
CAO Liguo,M,Wrestling,Men's Greco-Roman 60kg,China,Silver Medal
Zholaman SHARSHENBEKOV,M,Wrestling,Men's Greco-Roman 60kg,Kyrgyzstan,Bronze Medal
RI Se Ung,M,Wrestling,Men's Greco-Roman 60kg,DPR Korea,Bronze Medal
Amit ELOR,W,Wrestling,Women's Freestyle 68kg,United States,Gold Medal
Meerim ZHUMANAZAROVA,W,Wrestling,Women's Freestyle 68kg,Kyrgyzstan,Silver Medal
Buse CAVUSOGLU TOSUN,W,Wrestling,Women's Freestyle 68kg,Türkiye,Bronze Medal
OZAKI Nonoka,W,Wrestling,Women's Freestyle 68kg,Japan,Bronze Medal
China,O,Artistic Swimming,Team,China,Gold Medal
United States,O,Artistic Swimming,Team,United States,Silver Medal
Spain,O,Artistic Swimming,Team,Spain,Bronze Medal
MARTIN A/PEREZ M,X,Athletics,Marathon Race Walk Relay Mixed,Spain,Gold Medal
PINTADO B/MOREJON G,X,Athletics,Marathon Race Walk Relay Mixed,Ecuador,Silver Medal
COWLEY R/MONTAG J,X,Athletics,Marathon Race Walk Relay Mixed,Australia,Bronze Medal
Soufiane EL BAKKALI,M,Athletics,Men's 3000m Steeplechase,Morocco,Gold Medal
Kenneth ROOKS,M,Athletics,Men's 3000m Steeplechase,United States,Silver Medal
Abraham KIBIWOT,M,Athletics,Men's 3000m Steeplechase,Kenya,Bronze Medal
Quincy HALL,M,Athletics,Men's 400m,United States,Gold Medal
Matthew HUDSON-SMITH,M,Athletics,Men's 400m,Great Britain,Silver Medal
Muzala SAMUKONGA,M,Athletics,Men's 400m,Zambia,Bronze Medal
Roje STONA,M,Athletics,Men's Discus Throw,Jamaica,Gold Medal
Mykolas ALEKNA,M,Athletics,Men's Discus Throw,Lithuania,Silver Medal
Matthew DENNY,M,Athletics,Men's Discus Throw,Australia,Bronze Medal
Nina KENNEDY,W,Athletics,Women's Pole Vault,Australia,Gold Medal
Katie MOON,W,Athletics,Women's Pole Vault,United States,Silver Medal
Alysha NEWMAN,W,Athletics,Women's Pole Vault,Canada,Bronze Medal
Nelvie Raman TIAFACK,M,Boxing,Men's +92kg,Germany,Bronze Medal
Djamili-Dini ABOUDOU MOINDZE,M,Boxing,Men's +92kg,France,Bronze Medal
Erislandy ALVAREZ BORGES,M,Boxing,Men's 63.5kg,Cuba,Gold Medal
Sofiane OUMIHA,M,Boxing,Men's 63.5kg,France,Silver Medal
Oleksandr KHYZHNIAK,M,Boxing,Men's 80kg,Ukraine,Gold Medal
Nurbek ORALBAY,M,Boxing,Men's 80kg,Kazakhstan,Silver Medal
Esra YILDIZ KAHRAMAN,W,Boxing,Women's 57kg,Türkiye,Bronze Medal
Nesthy PETECIO,W,Boxing,Women's 57kg,Philippines,Bronze Medal
Australia,M,Cycling Track,Men's Team Pursuit,Australia,Gold Medal
Great Britain,M,Cycling Track,Men's Team Pursuit,Great Britain,Silver Medal
Italy,M,Cycling Track,Men's Team Pursuit,Italy,Bronze Medal
United States,W,Cycling Track,Women's Team Pursuit,United States,Gold Medal
New Zealand,W,Cycling Track,Women's Team Pursuit,New Zealand,Silver Medal
Great Britain,W,Cycling Track,Women's Team Pursuit,Great Britain,Bronze Medal
Matt WEARN,M,Sailing,Men's Dinghy,Australia,Gold Medal
Pavlos KONTIDES,M,Sailing,Men's Dinghy,Cyprus,Silver Medal
Stefano PESCHIERA,M,Sailing,Men's Dinghy,Peru,Bronze Medal
Marit BOUWMEESTER,W,Sailing,Women's Dinghy,Netherlands,Gold Medal
Anne-Marie RINDOM,W,Sailing,Women's Dinghy,Denmark,Silver Medal
Line Flem HOEST,W,Sailing,Women's Dinghy,Norway,Bronze Medal
Keegan PALMER,M,Skateboarding,Men's Park,Australia,Gold Medal
Tom SCHAAR,M,Skateboarding,Men's Park,United States,Silver Medal
Augusto AKIO,M,Skateboarding,Men's Park,Brazil,Bronze Medal
Aleksandra MIROSLAW,W,Sport Climbing,Women's Speed,Poland,Gold Medal
DENG Lijuan,W,Sport Climbing,Women's Speed,China,Silver Medal
Aleksandra KALUCKA,W,Sport Climbing,Women's Speed,Poland,Bronze Medal
PARK Taejoon,M,Taekwondo,Men -58kg,Korea,Gold Medal
Gashim MAGOMEDOV,M,Taekwondo,Men -58kg,Azerbaijan,Silver Medal
Cyrian RAVET,M,Taekwondo,Men -58kg,France,Bronze Medal
Mohamed Khalil JENDOUBI,M,Taekwondo,Men -58kg,Tunisia,Bronze Medal
Panipak WONGPATTANAKIT,W,Taekwondo,Women -49kg,Thailand,Gold Medal
GUO Qing,W,Taekwondo,Women -49kg,China,Silver Medal
Mobina NEMATZADEH,W,Taekwondo,Women -49kg,IR Iran,Bronze Medal
Lena STOJKOVIC,W,Taekwondo,Women -49kg,Croatia,Bronze Medal
LI Fabin,M,Weightlifting,Men's 61kg,China,Gold Medal
Theerapong SILACHAI,M,Weightlifting,Men's 61kg,Thailand,Silver Medal
Hampton MORRIS,M,Weightlifting,Men's 61kg,United States,Bronze Medal
HOU Zhihui,W,Weightlifting,Women's 49kg,China,Gold Medal
Mihaela Valentina CAMBEI,W,Weightlifting,Women's 49kg,Romania,Silver Medal
Surodchana KHAMBAO,W,Weightlifting,Women's 49kg,Thailand,Bronze Medal
KUSAKA Nao,M,Wrestling,Men's Greco-Roman 77kg,Japan,Gold Medal
Demeu ZHADRAYEV,M,Wrestling,Men's Greco-Roman 77kg,Kazakhstan,Silver Medal
Malkhas AMOYAN,M,Wrestling,Men's Greco-Roman 77kg,Armenia,Bronze Medal
Akzhol MAKHMUDOV,M,Wrestling,Men's Greco-Roman 77kg,Kyrgyzstan,Bronze Medal
Mohammadhadi SARAVI,M,Wrestling,Men's Greco-Roman 97kg,IR Iran,Gold Medal
Artur ALEKSANYAN,M,Wrestling,Men's Greco-Roman 97kg,Armenia,Silver Medal
Gabriel Alejandro ROSILLO KINDELAN,M,Wrestling,Men's Greco-Roman 97kg,Cuba,Bronze Medal
Uzur DZHUZUPBEKOV,M,Wrestling,Men's Greco-Roman 97kg,Kyrgyzstan,Bronze Medal
Sarah Ann HILDEBRANDT,W,Wrestling,Women's Freestyle 50kg,United States,Gold Medal
Yusneylis GUZMAN LOPEZ,W,Wrestling,Women's Freestyle 50kg,Cuba,Silver Medal
SUSAKI Yui,W,Wrestling,Women's Freestyle 50kg,Japan,Bronze Medal
FENG Ziqi,W,Wrestling,Women's Freestyle 50kg,China,Bronze Medal
Grant HOLLOWAY,M,Athletics,Men's 110m Hurdles,United States,Gold Medal
Daniel ROBERTS,M,Athletics,Men's 110m Hurdles,United States,Silver Medal
Rasheed BROADBELL,M,Athletics,Men's 110m Hurdles,Jamaica,Bronze Medal
Letsile TEBOGO,M,Athletics,Men's 200m,Botswana,Gold Medal
Kenneth BEDNAREK,M,Athletics,Men's 200m,United States,Silver Medal
Noah LYLES,M,Athletics,Men's 200m,United States,Bronze Medal
Arshad NADEEM,M,Athletics,Men's Javelin Throw,Pakistan,Gold Medal
Neeraj CHOPRA,M,Athletics,Men's Javelin Throw,India,Silver Medal
Anderson PETERS,M,Athletics,Men's Javelin Throw,Grenada,Bronze Medal
Sydney McLAUGHLIN-LEVRONE,W,Athletics,Women's 400m Hurdles,United States,Gold Medal
Anna COCKRELL,W,Athletics,Women's 400m Hurdles,United States,Silver Medal
Femke BOL,W,Athletics,Women's 400m Hurdles,Netherlands,Bronze Medal
Tara DAVIS-WOODHALL,W,Athletics,Women's Long Jump,United States,Gold Medal
Malaika MIHAMBO,W,Athletics,Women's Long Jump,Germany,Silver Medal
Jasmine MOORE,W,Athletics,Women's Long Jump,United States,Bronze Medal
Hasanboy DUSMATOV,M,Boxing,Men's 51kg,Uzbekistan,Gold Medal
Billal BENNAMA,M,Boxing,Men's 51kg,France,Silver Medal
Charlie SENIOR,M,Boxing,Men's 57kg,Australia,Bronze Medal
Javier IBANEZ DIAZ,M,Boxing,Men's 57kg,Bulgaria,Bronze Medal
CHANG Yuan,W,Boxing,Women's 54kg,China,Gold Medal
Hatice AKBAS,W,Boxing,Women's 54kg,Türkiye,Silver Medal
Caitlin PARKER,W,Boxing,Women's 75kg,Australia,Bronze Medal
Cindy Winner DJANKEU NGAMBA,W,Boxing,Women's 75kg,EOR,Bronze Medal
LIU/JI,M,Canoe Sprint,Men's Canoe Double 500m,China,Gold Medal
CASADEI/TACCHINI,M,Canoe Sprint,Men's Canoe Double 500m,Italy,Silver Medal
MORENO/DOMINGUEZ,M,Canoe Sprint,Men's Canoe Double 500m,Spain,Bronze Medal
Germany,M,Canoe Sprint,Men's Kayak Four 500m,Germany,Gold Medal
Australia,M,Canoe Sprint,Men's Kayak Four 500m,Australia,Silver Medal
Spain,M,Canoe Sprint,Men's Kayak Four 500m,Spain,Bronze Medal
New Zealand,W,Canoe Sprint,Women's Kayak Four 500m,New Zealand,Gold Medal
Germany,W,Canoe Sprint,Women's Kayak Four 500m,Germany,Silver Medal
Hungary,W,Canoe Sprint,Women's Kayak Four 500m,Hungary,Bronze Medal
Benjamin THOMAS,M,Cycling Track,Men's Omnium,France,Gold Medal
Iuri LEITAO,M,Cycling Track,Men's Omnium,Portugal,Silver Medal
Fabio van den BOSSCHE,M,Cycling Track,Men's Omnium,Belgium,Bronze Medal
Ellesse ANDREWS,W,Cycling Track,Women's Keirin,New Zealand,Gold Medal
Hetty van de WOUW,W,Cycling Track,Women's Keirin,Netherlands,Silver Medal
Emma FINUCANE,W,Cycling Track,Women's Keirin,Great Britain,Bronze Medal
XIE Siyi,M,Diving,Men's 3m Springboard,China,Gold Medal
WANG Zongyuan,M,Diving,Men's 3m Springboard,China,Silver Medal
Osmar OLVERA IBARRA,M,Diving,Men's 3m Springboard,Mexico,Bronze Medal
Morocco,M,Football,Men,Morocco,Bronze Medal
Netherlands,M,Hockey,Men,Netherlands,Gold Medal
Germany,M,Hockey,Men,Germany,Silver Medal
India,M,Hockey,Men,India,Bronze Medal
Sharon van ROUWENDAAL,W,Marathon Swimming,Women's 10km,Netherlands,Gold Medal
Moesha JOHNSON,W,Marathon Swimming,Women's 10km,Australia,Silver Medal
Ginevra TADDEUCCI,W,Marathon Swimming,Women's 10km,Italy,Bronze Medal
VADLAU/MAEHR,X,Sailing,Mixed Dinghy,Austria,Gold Medal
OKADA/YOSHIOKA,X,Sailing,Mixed Dinghy,Japan,Silver Medal
DAHLBERG/KARLSSON,X,Sailing,Mixed Dinghy,Sweden,Bronze Medal
TITA/BANTI,X,Sailing,Mixed Multihull,Italy,Gold Medal
MAJDALANI/BOSCO,X,Sailing,Mixed Multihull,Argentina,Silver Medal
WILKINSON/DAWSON,X,Sailing,Mixed Multihull,New Zealand,Bronze Medal
Eleanor ALDRIDGE,W,Sailing,Women's Kite,Great Britain,Gold Medal
Lauriane NOLOT,W,Sailing,Women's Kite,France,Silver Medal
Annelous LAMMERTS,W,Sailing,Women's Kite,Netherlands,Bronze Medal
Veddriq LEONARDO,M,Sport Climbing,Men's Speed,Indonesia,Gold Medal
WU Peng,M,Sport Climbing,Men's Speed,China,Silver Medal
Sam WATSON,M,Sport Climbing,Men's Speed,United States,Bronze Medal
Ulugbek RASHITOV,M,Taekwondo,Men -68kg,Uzbekistan,Gold Medal
Zaid KAREEM,M,Taekwondo,Men -68kg,Jordan,Silver Medal
LIANG Yushuai,M,Taekwondo,Men -68kg,China,Bronze Medal
Edival PONTES,M,Taekwondo,Men -68kg,Brazil,Bronze Medal
KIM Yujin,W,Taekwondo,Women -57kg,Korea,Gold Medal
Nahid KIYANICHANDEH,W,Taekwondo,Women -57kg,IR Iran,Silver Medal
Skylar PARK,W,Taekwondo,Women -57kg,Canada,Bronze Medal
Alizadeh KIMIA,W,Taekwondo,Women -57kg,Bulgaria,Bronze Medal
Rizki JUNIANSYAH,M,Weightlifting,Men's 73kg,Indonesia,Gold Medal
Weeraphon WICHUMA,M,Weightlifting,Men's 73kg,Thailand,Silver Medal
Bozhidar Dimitrov ANDREEV,M,Weightlifting,Men's 73kg,Bulgaria,Bronze Medal
LUO Shifang,W,Weightlifting,Women's 59kg,China,Gold Medal
Maude CHARRON,W,Weightlifting,Women's 59kg,Canada,Silver Medal
KUO Hsing-Chun,W,Weightlifting,Women's 59kg,Chinese Taipei,Bronze Medal
Saeid ESMAEILI LEIVESI,M,Wrestling,Men's Greco-Roman 67kg,IR Iran,Gold Medal
Parviz NASIBOV,M,Wrestling,Men's Greco-Roman 67kg,Ukraine,Silver Medal
Hasrat JAFAROV,M,Wrestling,Men's Greco-Roman 67kg,Azerbaijan,Bronze Medal
Luis Alberto ORTA SANCHEZ,M,Wrestling,Men's Greco-Roman 67kg,Cuba,Bronze Medal
Semen Sergeevich NOVIKOV,M,Wrestling,Men's Greco-Roman 87kg,Bulgaria,Gold Medal
Alireza MOHMADIPIANI,M,Wrestling,Men's Greco-Roman 87kg,IR Iran,Silver Medal
Zhan BELENIUK,M,Wrestling,Men's Greco-Roman 87kg,Ukraine,Bronze Medal
Turpal Ali BISULTANOV,M,Wrestling,Men's Greco-Roman 87kg,Denmark,Bronze Medal
FUJINAMI Akari,W,Wrestling,Women's Freestyle 53kg,Japan,Gold Medal
Lucia Yamileth YEPEZ GUZMAN,W,Wrestling,Women's Freestyle 53kg,Ecuador,Silver Medal
CHOE Hyo Gyong,W,Wrestling,Women's Freestyle 53kg,DPR Korea,Bronze Medal
PANG Qianyu,W,Wrestling,Women's Freestyle 53kg,China,Bronze Medal
Canada,M,Athletics,Men's 4 x 100m Relay,Canada,Gold Medal
South Africa,M,Athletics,Men's 4 x 100m Relay,South Africa,Silver Medal
Great Britain,M,Athletics,Men's 4 x 100m Relay,Great Britain,Bronze Medal
Rai BENJAMIN,M,Athletics,Men's 400m Hurdles,United States,Gold Medal
Karsten WARHOLM,M,Athletics,Men's 400m Hurdles,Norway,Silver Medal
Alison dos SANTOS,M,Athletics,Men's 400m Hurdles,Brazil,Bronze Medal
Jordan Alejandro DIAZ FORTUN,M,Athletics,Men's Triple Jump,Spain,Gold Medal
Pedro PICHARDO,M,Athletics,Men's Triple Jump,Portugal,Silver Medal
Andy DIAZ HERNANDEZ,M,Athletics,Men's Triple Jump,Italy,Bronze Medal
Beatrice CHEBET,W,Athletics,"Women's 10,000m",Kenya,Gold Medal
Nadia BATTOCLETTI,W,Athletics,"Women's 10,000m",Italy,Silver Medal
Sifan HASSAN,W,Athletics,"Women's 10,000m",Netherlands,Bronze Medal
United States,W,Athletics,Women's 4 x 100m Relay,United States,Gold Medal
Great Britain,W,Athletics,Women's 4 x 100m Relay,Great Britain,Silver Medal
Germany,W,Athletics,Women's 4 x 100m Relay,Germany,Bronze Medal
Marileidy PAULINO,W,Athletics,Women's 400m,Dominican Republic,Gold Medal
Salwa Eid NASER,W,Athletics,Women's 400m,Bahrain,Silver Medal
Natalia KACZMAREK,W,Athletics,Women's 400m,Poland,Bronze Medal
Yemisi OGUNLEYE,W,Athletics,Women's Shot Put,Germany,Gold Medal
Maddison-Lee WESCHE,W,Athletics,Women's Shot Put,New Zealand,Silver Medal
SONG Jiayuan,W,Athletics,Women's Shot Put,China,Bronze Medal
ANA PATRICIA/DUDA,W,Beach Volleyball,Women,Brazil,Gold Medal
MELISSA/BRANDIE,W,Beach Volleyball,Women,Canada,Silver Medal
HUBERLI/BRUNNER,W,Beach Volleyball,Women,Switzerland,Bronze Medal
Asadkhuja MUYDINKHUJAEV,M,Boxing,Men's 71kg,Uzbekistan,Gold Medal
Marco Alonso VERDE ALVAREZ,M,Boxing,Men's 71kg,Mexico,Silver Medal
Lazizbek MULLOJONOV,M,Boxing,Men's 92kg,Uzbekistan,Gold Medal
Loren Berto ALFONSO DOMINGUEZ,M,Boxing,Men's 92kg,Azerbaijan,Silver Medal
WU Yu,W,Boxing,Women's 50kg,China,Gold Medal
Buse Naz CAKIROGLU,W,Boxing,Women's 50kg,Türkiye,Silver Medal
Imane KHELIF,W,Boxing,Women's 66kg,Algeria,Gold Medal
YANG Liu,W,Boxing,Women's 66kg,China,Silver Medal
AMI,W,Breaking,B-Girls,Japan,Gold Medal
NICKA,W,Breaking,B-Girls,Lithuania,Silver Medal
671,W,Breaking,B-Girls,China,Bronze Medal
Martin FUKSA,M,Canoe Sprint,Men's Canoe Single 1000m,Czechia,Gold Medal
Isaquias QUEIROZ,M,Canoe Sprint,Men's Canoe Single 1000m,Brazil,Silver Medal
Serghei TARNOVSCHI,M,Canoe Sprint,Men's Canoe Single 1000m,Republic of Moldova,Bronze Medal
SCHOPF/LEMKE,M,Canoe Sprint,Men's Kayak Double 500m,Germany,Gold Medal
NADAS/TOTKA,M,Canoe Sprint,Men's Kayak Double 500m,Hungary,Silver Medal
van der WE/GREEN,M,Canoe Sprint,Men's Kayak Double 500m,Australia,Bronze Medal
XU/SUN,W,Canoe Sprint,Women's Canoe Double 500m,China,Gold Medal
LUZAN/RYBACHOK,W,Canoe Sprint,Women's Canoe Double 500m,Ukraine,Silver Medal
MACKENZIE/VINCENT,W,Canoe Sprint,Women's Canoe Double 500m,Canada,Bronze Medal
CARRINGTON/HOSKIN,W,Canoe Sprint,Women's Kayak Double 500m,New Zealand,Gold Medal
CSIPES/GAZSO,W,Canoe Sprint,Women's Kayak Double 500m,Hungary,Silver Medal
PASZEK/HAKE,W,Canoe Sprint,Women's Kayak Double 500m,Germany,Bronze Medal
PUPP/FOJT,W,Canoe Sprint,Women's Kayak Double 500m,Hungary,Bronze Medal
Harrie LAVREYSEN,M,Cycling Track,Men's Sprint,Netherlands,Gold Medal
Matthew RICHARDSON,M,Cycling Track,Men's Sprint,Australia,Silver Medal
Jack CARLIN,M,Cycling Track,Men's Sprint,Great Britain,Bronze Medal
Italy,W,Cycling Track,Women's Madison,Italy,Gold Medal
Great Britain,W,Cycling Track,Women's Madison,Great Britain,Silver Medal
Netherlands,W,Cycling Track,Women's Madison,Netherlands,Bronze Medal
CHEN Yiwen,W,Diving,Women's 3m Springboard,China,Gold Medal
Maddison KEENEY,W,Diving,Women's 3m Springboard,Australia,Silver Medal
CHANG Yani,W,Diving,Women's 3m Springboard,China,Bronze Medal
Spain,M,Football,Men,Spain,Gold Medal
France,M,Football,Men,France,Silver Medal
Germany,W,Football,Women,Germany,Bronze Medal
Netherlands,W,Hockey,Women,Netherlands,Gold Medal
China,W,Hockey,Women,China,Silver Medal
Argentina,W,Hockey,Women,Argentina,Bronze Medal
Kristof RASOVSZKY,M,Marathon Swimming,Men's 10km,Hungary,Gold Medal
Oliver KLEMET,M,Marathon Swimming,Men's 10km,Germany,Silver Medal
David BETLEHEM,M,Marathon Swimming,Men's 10km,Hungary,Bronze Medal
Valentin BONTUS,M,Sailing,Men's Kite,Austria,Gold Medal
Toni VODISEK,M,Sailing,Men's Kite,Slovenia,Silver Medal
Maximilian MAEDER,M,Sailing,Men's Kite,Singapore,Bronze Medal
Toby ROBERTS,M,Sport Climbing,Men's Boulder & Lead,Great Britain,Gold Medal
ANRAKU Sorato,M,Sport Climbing,Men's Boulder & Lead,Japan,Silver Medal
Jakob SCHUBERT,M,Sport Climbing,Men's Boulder & Lead,Austria,Bronze Medal
China,M,Table Tennis,Men's Team,China,Gold Medal
Sweden,M,Table Tennis,Men's Team,Sweden,Silver Medal
France,M,Table Tennis,Men's Team,France,Bronze Medal
Firas KATOUSSI,M,Taekwondo,Men -80kg,Tunisia,Gold Medal
Mehran BARKHORDARI,M,Taekwondo,Men -80kg,IR Iran,Silver Medal
Simone ALESSIO,M,Taekwondo,Men -80kg,Italy,Bronze Medal
Edi HRNIC,M,Taekwondo,Men -80kg,Denmark,Bronze Medal
Viviana MARTON,W,Taekwondo,Women -67kg,Hungary,Gold Medal
Aleksandra PERISIC,W,Taekwondo,Women -67kg,Serbia,Silver Medal
Kristina TEACHOUT,W,Taekwondo,Women -67kg,United States,Bronze Medal
Sarah CHAARI,W,Taekwondo,Women -67kg,Belgium,Bronze Medal
United States,M,Volleyball,Men,United States,Bronze Medal
Karlos May NASAR,M,Weightlifting,Men's 89kg,Bulgaria,Gold Medal
Yeison LOPEZ,M,Weightlifting,Men's 89kg,Colombia,Silver Medal
Antonino PIZZOLATO,M,Weightlifting,Men's 89kg,Italy,Bronze Medal
Olivia REEVES,W,Weightlifting,Women's 71kg,United States,Gold Medal
Mari Leivis SANCHEZ,W,Weightlifting,Women's 71kg,Colombia,Silver Medal
Angie Paola PALACIOS DAJOMES,W,Weightlifting,Women's 71kg,Ecuador,Bronze Medal
HIGUCHI Rei,M,Wrestling,Men's Freestyle 57kg,Japan,Gold Medal
Spencer Richard LEE,M,Wrestling,Men's Freestyle 57kg,United States,Silver Medal
Aman AMAN,M,Wrestling,Men's Freestyle 57kg,India,Bronze Medal
Gulomjon ABDULLAEV,M,Wrestling,Men's Freestyle 57kg,Uzbekistan,Bronze Medal
Magomed Eldarovitch RAMAZANOV,M,Wrestling,Men's Freestyle 86kg,Bulgaria,Gold Medal
Hassan YAZDANICHARATI,M,Wrestling,Men's Freestyle 86kg,IR Iran,Silver Medal
Aaron Marquel BROOKS,M,Wrestling,Men's Freestyle 86kg,United States,Bronze Medal
Dauren KURUGLIEV,M,Wrestling,Men's Freestyle 86kg,Greece,Bronze Medal
SAKURAI Tsugumi,W,Wrestling,Women's Freestyle 57kg,Japan,Gold Medal
Anastasia NICHITA,W,Wrestling,Women's Freestyle 57kg,Republic of Moldova,Silver Medal
Helen Louise MAROULIS,W,Wrestling,Women's Freestyle 57kg,United States,Bronze Medal
HONG Kexin,W,Wrestling,Women's Freestyle 57kg,China,Bronze Medal
China,W,Artistic Swimming,Duet,China,Gold Medal
Great Britain,W,Artistic Swimming,Duet,Great Britain,Silver Medal
Netherlands,W,Artistic Swimming,Duet,Netherlands,Bronze Medal
United States,M,Athletics,Men's 4 x 400m Relay,United States,Gold Medal
Botswana,M,Athletics,Men's 4 x 400m Relay,Botswana,Silver Medal
Great Britain,M,Athletics,Men's 4 x 400m Relay,Great Britain,Bronze Medal
Jakob INGEBRIGTSEN,M,Athletics,Men's 5000m,Norway,Gold Medal
Ronald KWEMOI,M,Athletics,Men's 5000m,Kenya,Silver Medal
Grant FISHER,M,Athletics,Men's 5000m,United States,Bronze Medal
Emmanuel WANYONYI,M,Athletics,Men's 800m,Kenya,Gold Medal
Marco AROP,M,Athletics,Men's 800m,Canada,Silver Medal
Djamel SEDJATI,M,Athletics,Men's 800m,Algeria,Bronze Medal
Hamish KERR,M,Athletics,Men's High Jump,New Zealand,Gold Medal
Shelby McEWEN,M,Athletics,Men's High Jump,United States,Silver Medal
Mutaz Essa BARSHIM,M,Athletics,Men's High Jump,Qatar,Bronze Medal
Tamirat TOLA,M,Athletics,Men's Marathon,Ethiopia,Gold Medal
Bashir ABDI,M,Athletics,Men's Marathon,Belgium,Silver Medal
Benson KIPRUTO,M,Athletics,Men's Marathon,Kenya,Bronze Medal
Masai RUSSELL,W,Athletics,Women's 100m Hurdles,United States,Gold Medal
Cyrena SAMBA-MAYELA,W,Athletics,Women's 100m Hurdles,France,Silver Medal
Jasmine CAMACHO-QUINN,W,Athletics,Women's 100m Hurdles,Puerto Rico,Bronze Medal
Faith KIPYEGON,W,Athletics,Women's 1500m,Kenya,Gold Medal
Jessica HULL,W,Athletics,Women's 1500m,Australia,Silver Medal
Georgia BELL,W,Athletics,Women's 1500m,Great Britain,Bronze Medal
United States,W,Athletics,Women's 4 x 400m Relay,United States,Gold Medal
Netherlands,W,Athletics,Women's 4 x 400m Relay,Netherlands,Silver Medal
Great Britain,W,Athletics,Women's 4 x 400m Relay,Great Britain,Bronze Medal
KITAGUCHI Haruka,W,Athletics,Women's Javelin Throw,Japan,Gold Medal
Jo-Ane van DYK,W,Athletics,Women's Javelin Throw,South Africa,Silver Medal
Nikola OGRODNIKOVA,W,Athletics,Women's Javelin Throw,Czechia,Bronze Medal
United States,M,Basketball,Men,United States,Gold Medal
France,M,Basketball,Men,France,Silver Medal
Serbia,M,Basketball,Men,Serbia,Bronze Medal
AHMAN/HELLVIG,M,Beach Volleyball,Men,Sweden,Gold Medal
EHLERS/WICKLER,M,Beach Volleyball,Men,Germany,Silver Medal
MOL/SORUM,M,Beach Volleyball,Men,Norway,Bronze Medal
Bakhodir JALOLOV,M,Boxing,Men's +92kg,Uzbekistan,Gold Medal
Ayoub GHADFA DRISSI EL AISSAOUI,M,Boxing,Men's +92kg,Spain,Silver Medal
Abdumalik KHALOKOV,M,Boxing,Men's 57kg,Uzbekistan,Gold Medal
Munarbek SEIITBEK UULU,M,Boxing,Men's 57kg,Kyrgyzstan,Silver Medal
LIN Yu Ting,W,Boxing,Women's 57kg,Chinese Taipei,Gold Medal
Julia SZEREMETA,W,Boxing,Women's 57kg,Poland,Silver Medal
LI Qian,W,Boxing,Women's 75kg,China,Gold Medal
Atheyna Bibeichi BYLON,W,Boxing,Women's 75kg,Panama,Silver Medal
PHIL WIZARD,M,Breaking,B-Boys,Canada,Gold Medal
DANY DANN,M,Breaking,B-Boys,France,Silver Medal
VICTOR,M,Breaking,B-Boys,United States,Bronze Medal
Josef DOSTAL,M,Canoe Sprint,Men's Kayak Single 1000m,Czechia,Gold Medal
Adam VARGA,M,Canoe Sprint,Men's Kayak Single 1000m,Hungary,Silver Medal
Balint KOPASZ,M,Canoe Sprint,Men's Kayak Single 1000m,Hungary,Bronze Medal
Katie VINCENT,W,Canoe Sprint,Women's Canoe Single 200m,Canada,Gold Medal
Nevin HARRISON,W,Canoe Sprint,Women's Canoe Single 200m,United States,Silver Medal
Yarisleidis CIRILO DUBOYS,W,Canoe Sprint,Women's Canoe Single 200m,Cuba,Bronze Medal
Lisa CARRINGTON,W,Canoe Sprint,Women's Kayak Single 500m,New Zealand,Gold Medal
Tamara CSIPES,W,Canoe Sprint,Women's Kayak Single 500m,Hungary,Silver Medal
Emma Aastrand JORGENSEN,W,Canoe Sprint,Women's Kayak Single 500m,Denmark,Bronze Medal
Portugal,M,Cycling Track,Men's Madison,Portugal,Gold Medal
Italy,M,Cycling Track,Men's Madison,Italy,Silver Medal
Denmark,M,Cycling Track,Men's Madison,Denmark,Bronze Medal
CAO Yuan,M,Diving,Men's 10m Platform,China,Gold Medal
TAMAI Rikuto,M,Diving,Men's 10m Platform,Japan,Silver Medal
Noah WILLIAMS,M,Diving,Men's 10m Platform,Great Britain,Bronze Medal
United States,W,Football,Women,United States,Gold Medal
Brazil,W,Football,Women,Brazil,Silver Medal
Lydia KO,W,Golf,Women's Individual Stroke Play,New Zealand,Gold Medal
Esther HENSELEIT,W,Golf,Women's Individual Stroke Play,Germany,Silver Medal
LIN Xiyu Janet,W,Golf,Women's Individual Stroke Play,China,Bronze Medal
Norway,W,Handball,Women,Norway,Gold Medal
France,W,Handball,Women,France,Silver Medal
Denmark,W,Handball,Women,Denmark,Bronze Medal
Ahmed ELGENDY,M,Modern Pentathlon,Men's Individual,Egypt,Gold Medal
SATO Taishu,M,Modern Pentathlon,Men's Individual,Japan,Silver Medal
Giorgio MALAN,M,Modern Pentathlon,Men's Individual,Italy,Bronze Medal
Janja GARNBRET,W,Sport Climbing,Women's Boulder & Lead,Slovenia,Gold Medal
Brooke RABOUTOU,W,Sport Climbing,Women's Boulder & Lead,United States,Silver Medal
Jessica PILZ,W,Sport Climbing,Women's Boulder & Lead,Austria,Bronze Medal
China,W,Table Tennis,Women's Team,China,Gold Medal
Japan,W,Table Tennis,Women's Team,Japan,Silver Medal
Korea,W,Table Tennis,Women's Team,Korea,Bronze Medal
Arian SALIMI,M,Taekwondo,Men +80kg,IR Iran,Gold Medal
Caden CUNNINGHAM,M,Taekwondo,Men +80kg,Great Britain,Silver Medal
Rafael ALBA,M,Taekwondo,Men +80kg,Cuba,Bronze Medal
Cheick Sallah CISSE,M,Taekwondo,Men +80kg,Côte d'Ivoire,Bronze Medal
Althea LAURIN,W,Taekwondo,Women +67kg,France,Gold Medal
Svetlana OSIPOVA,W,Taekwondo,Women +67kg,Uzbekistan,Silver Medal
LEE Dabin,W,Taekwondo,Women +67kg,Korea,Bronze Medal
Nafia KUS AYDIN,W,Taekwondo,Women +67kg,Türkiye,Bronze Medal
France,M,Volleyball,Men,France,Gold Medal
Poland,M,Volleyball,Men,Poland,Silver Medal
Brazil,W,Volleyball,Women,Brazil,Bronze Medal
Spain,W,Water Polo,Women,Spain,Gold Medal
Australia,W,Water Polo,Women,Australia,Silver Medal
Netherlands,W,Water Polo,Women,Netherlands,Bronze Medal
Lasha TALAKHADZE,M,Weightlifting,Men's +102kg,Georgia,Gold Medal
Varazdat LALAYAN,M,Weightlifting,Men's +102kg,Armenia,Silver Medal
Gor MINASYAN,M,Weightlifting,Men's +102kg,Bahrain,Bronze Medal
LIU Huanhua,M,Weightlifting,Men's 102kg,China,Gold Medal
Akbar DJURAEV,M,Weightlifting,Men's 102kg,Uzbekistan,Silver Medal
Yauheni TSIKHANTSOU,M,Weightlifting,Men's 102kg,AIN,Bronze Medal
Solfrid Eila Amena KOANDA,W,Weightlifting,Women's 81kg,Norway,Gold Medal
Sara AHMED,W,Weightlifting,Women's 81kg,Egypt,Silver Medal
Neisi Patricia DAJOMES BARRERA,W,Weightlifting,Women's 81kg,Ecuador,Bronze Medal
Geno PETRIASHVILI,M,Wrestling,Men's Freestyle 125kg,Georgia,Gold Medal
Amir Hossein ZARE,M,Wrestling,Men's Freestyle 125kg,IR Iran,Silver Medal
Taha AKGUL,M,Wrestling,Men's Freestyle 125kg,Türkiye,Bronze Medal
Giorgi MESHVILDISHVILI,M,Wrestling,Men's Freestyle 125kg,Azerbaijan,Bronze Medal
Razambek Salambekovitch JAMALOV,M,Wrestling,Men's Freestyle 74kg,Uzbekistan,Gold Medal
TAKATANI Daichi,M,Wrestling,Men's Freestyle 74kg,Japan,Silver Medal
Kyle Douglas DAKE,M,Wrestling,Men's Freestyle 74kg,United States,Bronze Medal
Chermen VALIEV,M,Wrestling,Men's Freestyle 74kg,Albania,Bronze Medal
MOTOKI Sakura,W,Wrestling,Women's Freestyle 62kg,Japan,Gold Medal
Iryna KOLIADENKO,W,Wrestling,Women's Freestyle 62kg,Ukraine,Silver Medal
Aisuluu TYNYBEKOVA,W,Wrestling,Women's Freestyle 62kg,Kyrgyzstan,Bronze Medal
Grace Jacob BULLEN,W,Wrestling,Women's Freestyle 62kg,Norway,Bronze Medal
Sifan HASSAN,W,Athletics,Women's Marathon,Netherlands,Gold Medal
Tigst ASSEFA,W,Athletics,Women's Marathon,Ethiopia,Silver Medal
Hellen OBIRI,W,Athletics,Women's Marathon,Kenya,Bronze Medal
United States,W,Basketball,Women,United States,Gold Medal
France,W,Basketball,Women,France,Silver Medal
Australia,W,Basketball,Women,Australia,Bronze Medal
Harrie LAVREYSEN,M,Cycling Track,Men's Keirin,Netherlands,Gold Medal
Matthew RICHARDSON,M,Cycling Track,Men's Keirin,Australia,Silver Medal
Matthew GLAETZER,M,Cycling Track,Men's Keirin,Australia,Bronze Medal
Jennifer VALENTE,W,Cycling Track,Women's Omnium,United States,Gold Medal
Daria PIKULIK,W,Cycling Track,Women's Omnium,Poland,Silver Medal
Ally WOLLASTON,W,Cycling Track,Women's Omnium,New Zealand,Bronze Medal
Ellesse ANDREWS,W,Cycling Track,Women's Sprint,New Zealand,Gold Medal
Lea FRIEDRICH,W,Cycling Track,Women's Sprint,Germany,Silver Medal
Emma FINUCANE,W,Cycling Track,Women's Sprint,Great Britain,Bronze Medal
Denmark,M,Handball,Men,Denmark,Gold Medal
Germany,M,Handball,Men,Germany,Silver Medal
Spain,M,Handball,Men,Spain,Bronze Medal
Michelle GULYAS,W,Modern Pentathlon,Women's Individual,Hungary,Gold Medal
Elodie CLOUVEL,W,Modern Pentathlon,Women's Individual,France,Silver Medal
SEONG Seungmin,W,Modern Pentathlon,Women's Individual,Korea,Bronze Medal
Italy,W,Volleyball,Women,Italy,Gold Medal
United States,W,Volleyball,Women,United States,Silver Medal
Serbia,M,Water Polo,Men,Serbia,Gold Medal
Croatia,M,Water Polo,Men,Croatia,Silver Medal
United States,M,Water Polo,Men,United States,Bronze Medal
LI Wenwen,W,Weightlifting,Women's +81kg,China,Gold Medal
PARK Hyejeong,W,Weightlifting,Women's +81kg,Korea,Silver Medal
Emily CAMPBELL,W,Weightlifting,Women's +81kg,Great Britain,Bronze Medal
KIYOOKA Kotaro,M,Wrestling,Men's Freestyle 65kg,Japan,Gold Medal
Rahman AMOUZADKHALILI,M,Wrestling,Men's Freestyle 65kg,IR Iran,Silver Medal
Sebastian C RIVERA,M,Wrestling,Men's Freestyle 65kg,Puerto Rico,Bronze Medal
Islam DUDAEV,M,Wrestling,Men's Freestyle 65kg,Albania,Bronze Medal
Akhmed TAZHUDINOV,M,Wrestling,Men's Freestyle 97kg,Bahrain,Gold Medal
Givi MATCHARASHVILI,M,Wrestling,Men's Freestyle 97kg,Georgia,Silver Medal
Magomedkhan MAGOMEDOV,M,Wrestling,Men's Freestyle 97kg,Azerbaijan,Bronze Medal
Amirali AZARPIRA,M,Wrestling,Men's Freestyle 97kg,IR Iran,Bronze Medal
KAGAMI Yuka,W,Wrestling,Women's Freestyle 76kg,Japan,Gold Medal
Kennedy Alexis BLADES,W,Wrestling,Women's Freestyle 76kg,United States,Silver Medal
Milaimy de la Carid. MARIN POTRILLE,W,Wrestling,Women's Freestyle 76kg,Cuba,Bronze Medal
Tatiana RENTERIA RENTERIA,W,Wrestling,Women's Freestyle 76kg,Colombia,Bronze Medal
People's Republic of China,W,Rhythmic Gymnastics,Group All-Around,China,Gold Medal
Israel,W,Rhythmic Gymnastics,Group All-Around,Israel,Silver Medal
Italy,W,Rhythmic Gymnastics,Group All-Around,Italy,Bronze Medal
VARFOLOMEEV Darja,W,Rhythmic Gymnastics,Individual All-Around,Germany,Gold Medal
KALEYN Boryana,W,Rhythmic Gymnastics,Individual All-Around,Bulgaria,Silver Medal
RAFFAELI Sofia,W,Rhythmic Gymnastics,Individual All-Around,Italy,Bronze Medal
THIAM Nafissatou,W,Athletics,Women's Heptathlon,Belgium,Gold Medal
JOHNSON-THOMPSON Katarina,W,Athletics,Women's Heptathlon,Great Britain,Silver Medal
VIDTS Noor,W,Athletics,Women's Heptathlon,Belgium,Bronze Medal
